{
  "abs": {
    "hypertuned": {
      "hyper": {
        "batch_size": 32,
        "learning_rate": 0.0001,
        "alpha": 0.01,
        "epochs": 50
      },
      "model results": {
        "epochs": 50,
        "val_loss": 1.019624411806147,
        "elapsed_time": 1322.007199048996,
        "val_accuracy": 0.6394666666666666
      },
      "loss": 1.1843230377751799,
      "accuracy": 57.599999999999994
    },
    "otherHypertuned": {
      "hyper": {
        "batch_size": 32,
        "learning_rate": 0.0001,
        "alpha": 0.01,
        "epochs": 50
      },
      "model results": {
        "epochs": 50,
        "val_loss": 0.9929386354507284,
        "elapsed_time": 1560.7544379234314,
        "val_accuracy": 0.6493333333333333
      },
      "loss": 0.9824210946171429,
      "accuracy": 66.0
    }
  },
  "relu": {
    "hypertuned": {
      "hyper": {
        "batch_size": 32,
        "learning_rate": 0.0001,
        "alpha": 0.01,
        "epochs": 50
      },
      "model results": {
        "epochs": 50,
        "val_loss": 1.0291102586908543,
        "elapsed_time": 842.7583720684052,
        "val_accuracy": 0.6454666666666666
      },
      "loss": 1.0891578963008552,
      "accuracy": 61.62
    },
    "otherHypertuned": {
      "hyper": {
        "batch_size": 32,
        "learning_rate": 0.0001,
        "alpha": 0.01,
        "epochs": 50
      },
      "model results": {
        "epochs": 50,
        "val_loss": 1.0063143477794971,
        "elapsed_time": 900.5546391010284,
        "val_accuracy": 0.6553333333333333
      },
      "loss": 0.9824210946171429,
      "accuracy": 66.0
    }
  }
}
