{"abs": {"hypertuned": {"hyper": {"alpha": 0.0001, "batch_size": 32, "epochs": 80, "learning_rate": 0.01, "momentum": 0.5, "patience": 6, "min_delta": 0.1}, "model results": {"epochs": 19, "train_losses": [4.282243021813616, 3.864803941918998, 3.6721363412069143, 3.5473047377383287, 3.443936759498085, 3.3568092915597405, 3.2794926783660014, 3.2098782557666166, 3.14759156702155, 3.0837938898573074, 3.02728713052088, 2.972214886216493, 2.9185712607934837, 2.866293628158383, 2.8160552079288292, 2.765417862019205, 2.7165375006566648, 2.6716252533092457, 2.6265305176186686], "val_losses": [4.110031525632168, 4.095661676690933, 3.9305942647000576, 3.735312809842698, 3.6734370353374075, 3.6381885274927668, 3.59776292557412, 3.597387989531172, 3.5392618148884876, 3.5191424197338996, 3.4873896020524047, 3.5107564834838216, 3.4883469530876647, 3.5100789374493537, 3.5218037412521688, 3.5576150660819197, 3.6188843453184085, 3.6731063873209853, 3.721376685893282], "elapsed_time": 331.44631910324097, "val_accuracies": [0.0712, 0.0796, 0.10493333333333334, 0.1364, 0.1436, 0.1492, 0.156, 0.1608, 0.17053333333333334, 0.1748, 0.18306666666666666, 0.18053333333333332, 0.18693333333333334, 0.19333333333333333, 0.1968, 0.1952, 0.192, 0.19, 0.1936]}, "loss": 3.49730918658808, "accuracy": 18.64}}, "relu": {"hypertuned": {"hyper": {"alpha": 0.0001, "batch_size": 32, "epochs": 80, "learning_rate": 0.01, "momentum": 0.5, "patience": 6, "min_delta": 0.1}, "model results": {"epochs": 37, "train_losses": [4.3664138544942315, 3.9594209226474804, 3.7614375827364497, 3.6487267421007696, 3.561105060972066, 3.4845758672044007, 3.4160492070372435, 3.3541406894465693, 3.298574124358488, 3.2473174940831147, 3.2000335427134265, 3.1560545530957866, 3.1143080479583856, 3.074855005229838, 3.037424962264062, 3.001618402716448, 2.967539647183443, 2.933936618789862, 2.9004676315100952, 2.8684982217461474, 2.836743182845363, 2.805445449974772, 2.7745550666382837, 2.7430601624549107, 2.7121138170843646, 2.682075166271718, 2.652123105669488, 2.6222095371996934, 2.591877539190159, 2.5627283823947606, 2.532779619288319, 2.50360187352197, 2.4748729829998104, 2.4457691435395907, 2.4173637539081057, 2.3886537940722823, 2.360258951233777], "val_losses": [4.147341572984736, 3.974561639542275, 3.8756055070998823, 3.79418626541787, 3.692613472837083, 3.636517682988593, 3.573555669378727, 3.5333628999426008, 3.5235151463366567, 3.5119957893452747, 3.5046273160488046, 3.4721907727261807, 3.456622195751109, 3.4565150281216237, 3.4299692864113664, 3.398830503098508, 3.3808784657336295, 3.358990067624031, 3.3280720589008737, 3.3104009334077227, 3.3047431174744952, 3.291437076000457, 3.2912080734334093, 3.3069543808064563, 3.317490048104144, 3.3162084325830987, 3.32604926089023, 3.3256479801015653, 3.3388072673310627, 3.3604619462439356, 3.3728572145421456, 3.3761044968949987, 3.3779597891137954, 3.3833991050720216, 3.403423170333213, 3.414143683048005, 3.4372406847933505], "elapsed_time": 1127.8739290237427, "val_accuracies": [0.06093333333333333, 0.08786666666666666, 0.10853333333333333, 0.12333333333333334, 0.14053333333333334, 0.15173333333333333, 0.164, 0.16906666666666667, 0.1712, 0.172, 0.17333333333333334, 0.1816, 0.18546666666666667, 0.1888, 0.19413333333333332, 0.20213333333333333, 0.20693333333333333, 0.20946666666666666, 0.21666666666666667, 0.2204, 0.22426666666666667, 0.22666666666666666, 0.2284, 0.226, 0.22546666666666668, 0.2284, 0.226, 0.22893333333333332, 0.22893333333333332, 0.2296, 0.22933333333333333, 0.22933333333333333, 0.2316, 0.23226666666666668, 0.23213333333333333, 0.23266666666666666, 0.2316]}, "loss": 3.294483929015577, "accuracy": 22.98}}}