{
  "abs": {
    "hypertuned": {
      "hyper": {
        "alpha": 0.0001,
        "batch_size": 64,
        "epochs": 50,
        "learning_rate": 0.01,
        "momentum": 0.5
      },
      "model results": {
        "epochs": 50,
        "train_losses": [
          1.1143783188075613, 0.6681985691694573, 0.5663015109158519,
          0.516983945366729, 0.4851629695898317, 0.4575014821483918,
          0.4388520017247577, 0.42634291043843947, 0.4101085959743227,
          0.40029928557471917, 0.391028709831172, 0.3853004783055414,
          0.3776663908433436, 0.3717141609494031, 0.3664503305813898,
          0.3584510377763655, 0.35214682856347956, 0.3503987745778025,
          0.3473337078782516, 0.3426061992064922, 0.339038094947374,
          0.3338250344901941, 0.3329403155683125, 0.3275675013885743,
          0.32636368899153945, 0.32246839070933375, 0.3217161746141752,
          0.3156428738792837, 0.31213442975634165, 0.3101390637036698,
          0.3081063721773017, 0.3064795405214823, 0.30564238921910936,
          0.30411656065335685, 0.3022139509169939, 0.2992584698808986,
          0.2944974995953226, 0.29600349615516147, 0.29328896574573204,
          0.2928287252185485, 0.29118304978238146, 0.2886946141775908,
          0.28777609514060853, 0.28559055928154903, 0.2845746566970345,
          0.28200854304967593, 0.2804017002545905, 0.2809144770224091,
          0.2778663199623974, 0.2762224045365937
        ],
        "val_losses": [
          0.6852168337250433, 0.5541763235913947, 0.49771454718941494,
          0.4629158803545837, 0.4399481111384453, 0.41729512599343105,
          0.400643342564292, 0.39088872571786243, 0.38323122432045903,
          0.37384499598902166, 0.3692795147075721, 0.36278871420427417,
          0.3609960640364505, 0.35528882481950397, 0.35399549227234317,
          0.34894562655306877, 0.34668898381662705, 0.3462339462117946,
          0.3429975392336541, 0.337466318873649, 0.3377376506303219,
          0.33783216531395066, 0.3378440902588215, 0.327350064689386,
          0.33153927505861785, 0.32533333952545274, 0.32837253100905855,
          0.32789980297815713, 0.3244510544530043, 0.327161283886179,
          0.32057163795680865, 0.320286677133107, 0.32170096568182005,
          0.323196660859365, 0.3231264183707271, 0.3185501027825876,
          0.3210436737706475, 0.3164039440188848, 0.3209090943032123,
          0.3185172476244311, 0.31865997527930756, 0.3158638540734636,
          0.3199253778719733, 0.3146050888384488, 0.316152700507049,
          0.3156824474427717, 0.31134700944237675, 0.3120472859194938,
          0.3133325547191268, 0.3132894199790684
        ],
        "elapsed_time": 394.7042021751404,
        "val_accuracies": [
          0.7585555555555555, 0.8068888888888889, 0.827, 0.8362222222222222,
          0.8432222222222222, 0.8522222222222222, 0.8562222222222222,
          0.8608888888888889, 0.8601111111111112, 0.8643333333333333,
          0.8645555555555555, 0.8671111111111112, 0.8654444444444445,
          0.8698888888888889, 0.8713333333333333, 0.8707777777777778,
          0.8706666666666667, 0.8716666666666667, 0.874, 0.8742222222222222,
          0.8717777777777778, 0.8746666666666667, 0.8747777777777778,
          0.8774444444444445, 0.876, 0.8787777777777778, 0.8791111111111111,
          0.8795555555555555, 0.8791111111111111, 0.8786666666666667,
          0.8808888888888889, 0.8807777777777778, 0.882, 0.879,
          0.8782222222222222, 0.8825555555555555, 0.8787777777777778,
          0.8827777777777778, 0.8797777777777778, 0.8813333333333333,
          0.8773333333333333, 0.8795555555555555, 0.8813333333333333,
          0.8816666666666667, 0.8812222222222222, 0.8827777777777778,
          0.8845555555555555, 0.8836666666666667, 0.8837777777777778,
          0.8835555555555555
        ]
      },
      "loss": 0.31772806310349966,
      "accuracy": 88.59
    },
    "otherHypertuned": {
      "hyper": {
        "alpha": 0.001,
        "batch_size": 64,
        "epochs": 50,
        "learning_rate": 0.01,
        "momentum": 0.5
      },
      "model results": {
        "epochs": 50,
        "train_losses": [
          1.135844063242825, 0.6818350157519356, 0.5790946138099565,
          0.518548596683081, 0.4817807100984353, 0.4568490961115513,
          0.43666253251069165, 0.42374422809709716, 0.4087802006990428,
          0.3985000497274746, 0.38929133259292825, 0.3810558977584767,
          0.3719642411922122, 0.36760891055971046, 0.3604834922583519,
          0.3551110846260411, 0.34705553386112675, 0.34330981450068904,
          0.34025354704900246, 0.33320989744875634, 0.3298687870278861,
          0.3254000016183147, 0.3252017879987152, 0.3175783536514943,
          0.3153900211511023, 0.3122802262885059, 0.3063521430345072,
          0.30509697926351087, 0.3022330091656227, 0.2988356719146409,
          0.2976172771608665, 0.29583111583924804, 0.2905826714810643,
          0.2876951138265758, 0.2866226480140291, 0.2832081946199631,
          0.2842758654370212, 0.28033010843893513, 0.2781178208729404,
          0.2733187079289402, 0.2734842660604337, 0.27249796620314215,
          0.2691801717806341, 0.26405808808214243, 0.26556092054773606,
          0.2643861352761686, 0.26356946570399115, 0.26001430751575877,
          0.2562627261609699, 0.2579184579224778
        ],
        "val_losses": [
          0.697188639048989, 0.5691056731322133, 0.4974509750274902,
          0.46034126004851456, 0.4338213483281169, 0.41840485816306255,
          0.4016426843954316, 0.39277063215032537, 0.38126352788708734,
          0.3776427873060213, 0.36696249701029865, 0.3637846441979104,
          0.3589552473937366, 0.3571167863007133, 0.34998479770853164,
          0.34760137293355686, 0.34215045059826354, 0.34553844751195706,
          0.34146066316476104, 0.33943269692414196, 0.3343898248165212,
          0.32973147886441956, 0.3346927007462116, 0.33169275543368454,
          0.3269173486012939, 0.32995070305699153, 0.3234039359058894,
          0.32321637710358236, 0.32665733982485234, 0.31734747920475953,
          0.32268474076656584, 0.3193004418772163, 0.32120982298614287,
          0.3211791105304204, 0.32080130522132766, 0.3150526132989437,
          0.31856439447572044, 0.318647193993237, 0.31609499581316686,
          0.3137356418033018, 0.3212012724673494, 0.31350134133447144,
          0.31273193255806647, 0.3130736582456751, 0.3224804357011267,
          0.31914457086975695, 0.31442770795196506, 0.3176264630775925,
          0.3157751666949996, 0.3094032548420818
        ],
        "elapsed_time": 424.9923532009125,
        "val_accuracies": [
          0.7536666666666667, 0.8035555555555556, 0.8267777777777777,
          0.8372222222222222, 0.8456666666666667, 0.8466666666666667, 0.853,
          0.8562222222222222, 0.8602222222222222, 0.8611111111111112,
          0.8671111111111112, 0.8646666666666667, 0.8675555555555555,
          0.8673333333333333, 0.8707777777777778, 0.8718888888888889,
          0.8727777777777778, 0.8734444444444445, 0.8734444444444445,
          0.8745555555555555, 0.8788888888888889, 0.8784444444444445,
          0.8783333333333333, 0.8797777777777778, 0.8807777777777778,
          0.8785555555555555, 0.8798888888888889, 0.8807777777777778,
          0.8812222222222222, 0.8837777777777778, 0.8831111111111111,
          0.8836666666666667, 0.883, 0.8824444444444445, 0.8867777777777778,
          0.888, 0.8851111111111111, 0.8841111111111111, 0.8844444444444445,
          0.8862222222222222, 0.8858888888888888, 0.8838888888888888,
          0.8871111111111111, 0.8878888888888888, 0.8854444444444445,
          0.8852222222222222, 0.8876666666666667, 0.8862222222222222, 0.886,
          0.8876666666666667
        ]
      },
      "loss": 0.31772806310349966,
      "accuracy": 88.59
    }
  },
  "relu": {
    "hypertuned": {
      "hyper": {
        "alpha": 0.001,
        "batch_size": 64,
        "epochs": 50,