{
  "abs": {
    "hypertuned": {
      "hyper": {
        "alpha": 0.0001,
        "batch_size": 64,
        "epochs": 50,
        "learning_rate": 0.01,
        "momentum": 0.5
      },
      "model results": {
        "epochs": 50,
        "train_losses": [
          1.0990599387113842, 0.6836514693580876, 0.5970243997825134,
          0.5490875308082872, 0.5209873627913342, 0.4983686888718994,
          0.48420968689164673, 0.47168974572771616, 0.45905688694833663,
          0.4454880090175638, 0.4391520364745199, 0.43215849773123993,
          0.42396887835849034, 0.41899653078247345, 0.4144124115724935,
          0.40499343473459576, 0.40082534508244455, 0.3972480979513195,
          0.39336352998220186, 0.3839603675765405, 0.3834381300764371,
          0.38063083925615143, 0.3728490372000255, 0.3709807385091052,
          0.3664729029987208, 0.36430111794803793, 0.36226676203488106,
          0.3615453535202456, 0.36012260615825653, 0.35520782732081085,
          0.35450741573887756, 0.34651837514776507, 0.3508183795168828,
          0.34444466614663377, 0.3420691040520985, 0.3402351530986269,
          0.33939370054896534, 0.3420234279358851, 0.33757077475338987,
          0.33245026447355674, 0.3330197396829556, 0.3354152596954121,
          0.3335285548265635, 0.33115556978222116, 0.3278366731318506,
          0.32468436828521147, 0.3249205314791487, 0.3265251351737767,
          0.32070975542218055, 0.31945438357712785
        ],
        "val_losses": [
          0.6086195859503238, 0.5081729423915241, 0.4595613225977472,
          0.43106523124461477, 0.4053999456108039, 0.39310693814822123,
          0.3837668021731343, 0.3714176909932008, 0.3630799540179841,
          0.36376310145178586, 0.34895153998905887, 0.34063760936260223,
          0.3364442897603867, 0.33370674766124564, 0.32265135952344176,
          0.32286932229573, 0.31448151192343826, 0.3141781284031293,
          0.313786433626574, 0.30457248581005325, 0.30113927269658297,
          0.3031364146699297, 0.2997003388425983, 0.2911576270951447,
          0.29138553692093977, 0.28889136676881333, 0.28897944008204957,
          0.28853036933545523, 0.2861826308864228, 0.28239564645163556,
          0.28657946201926426, 0.28180264110894915, 0.27740293350202816,
          0.28179061180310894, 0.2791945668505439, 0.2761413848674889,
          0.2801386851896631, 0.2738060158617953, 0.27183424153015123,
          0.275708277280449, 0.2755231498509434, 0.26891753642905686,
          0.27105302215679317, 0.27200866279238506, 0.2679303507749916,
          0.26690675027615635, 0.2686925100836348, 0.271199253962395,
          0.2644874302947775, 0.263346311154095
        ],
        "elapsed_time": 863.7455868721008,
        "val_accuracies": [
          0.7743333333333333, 0.8183333333333334, 0.833, 0.8425555555555555,
          0.8533333333333334, 0.8553333333333333, 0.858, 0.8652222222222222,
          0.869, 0.8661111111111112, 0.8747777777777778, 0.8742222222222222,
          0.8781111111111111, 0.8791111111111111, 0.8837777777777778,
          0.8808888888888889, 0.8858888888888888, 0.8854444444444445,
          0.8846666666666667, 0.8907777777777778, 0.8906666666666667,
          0.8886666666666667, 0.8907777777777778, 0.8955555555555555,
          0.8963333333333333, 0.8954444444444445, 0.8947777777777778,
          0.8953333333333333, 0.8964444444444445, 0.8981111111111111, 0.896,
          0.8983333333333333, 0.8991111111111111, 0.8974444444444445,
          0.8995555555555556, 0.9006666666666666, 0.8977777777777778,
          0.9007777777777778, 0.9006666666666666, 0.9005555555555556,
          0.9003333333333333, 0.9017777777777778, 0.9033333333333333,
          0.9018888888888889, 0.904, 0.9047777777777778, 0.9044444444444445,
          0.902, 0.9047777777777778, 0.9055555555555556
        ]
      },
      "loss": 0.27668956543799417,
      "accuracy": 89.96
    }
  },
  "relu": {
    "hypertuned": {
      "hyper": {
        "alpha": 0.0001,
        "batch_size": 64,
        "epochs": 50,
        "learning_rate": 0.01,
        "momentum": 0.5
      },
      "model results": {
        "epochs": 50,
        "train_losses": [
          1.1847419583961984, 0.6748133330527633, 0.5915402280566384,
          0.5429174135739412, 0.5060398127682685, 0.4782222509010224,
          0.4575232184553984, 0.44217245372355807, 0.4258446438773214,
          0.41527919301125155, 0.4077997581946805, 0.3974222955732154,
          0.39035900043723276, 0.3793911482750846, 0.37845127239655074,
          0.3721333734102201, 0.36429123685156534, 0.3620885229357512,
          0.3585136496886106, 0.3544129949516454, 0.3482445017195107,
          0.3459672207010436, 0.34396380328174814, 0.33918824934002145,
          0.33516374088290946, 0.3303818013822868, 0.3298740239820935,
          0.32524761482792786, 0.3225501566900962, 0.32036313679130046,
          0.32098117875521875, 0.3162116573158292, 0.31480297219087666,
          0.31128695165011633, 0.30952024723460414, 0.306706157801591,
          0.3026149921876424, 0.3016020655538536, 0.3035494404537615,
          0.30041501247598656, 0.29770529255214867, 0.29733871688208585,
          0.29524044892569556, 0.29153982270392154, 0.29371254594816615,
          0.28972311579672577, 0.289747144919417, 0.28926308820470514,
          0.28704329169679016, 0.28461418777629455
        ],
        "val_losses": [
          0.629306360973534, 0.5392245675655122, 0.48265517878194225,
          0.4430833412400374, 0.4194964271910647, 0.39288067912801783,
          0.3874326291236472, 0.37107413521049715, 0.35736267659681065,
          0.34708958747961843, 0.3451324581888551, 0.33326911080813576,
          0.3283334279314001, 0.3210551823284609, 0.3216195541916164,
          0.31716944869105695, 0.3134776139301611, 0.30933221107256326,
          0.3042173747052538, 0.30482157303931867, 0.29990917285706137,
          0.300406425240192, 0.29449816132690887, 0.2942548559067097,
          0.28927594856590244, 0.28794937628380796, 0.2856488919532891,
          0.28696982599530657, 0.28732842037863765, 0.2822966615781716,
          0.28475591085904034, 0.2811255338766896, 0.2794345403816683,
          0.27687213295106344, 0.27493151657758874, 0.2778017285233694,
          0.2713546207610597, 0.2748862406674852, 0.27354620407659114,
          0.2715856493681881, 0.2698598046463432, 0.2717523825295428,
          0.2748657274225079, 0.2717218728775674, 0.26629321393391764,
          0.26773480753949347, 0.2665089467104445, 0.26900215832688285,
          0.2659107415494344, 0.26419481534695793
        ],
        "elapsed_time": 829.1664769649506,
        "val_accuracies": [
          0.7605555555555555, 0.7975555555555556, 0.8283333333333334, 0.84,
          0.8476666666666667, 0.8551111111111112, 0.8598888888888889,
          0.8653333333333333, 0.8704444444444445, 0.8738888888888889,
          0.8718888888888889, 0.8785555555555555, 0.8791111111111111,
          0.8827777777777778, 0.8831111111111111, 0.8827777777777778,
          0.8883333333333333, 0.8875555555555555, 0.8893333333333333, 0.889,
          0.8912222222222222, 0.8912222222222222, 0.8934444444444445,
          0.8937777777777778, 0.8938888888888888, 0.894, 0.8982222222222223,
          0.897, 0.8962222222222223, 0.8972222222222223, 0.8973333333333333,
          0.8987777777777778, 0.9008888888888889, 0.9024444444444445,
          0.9004444444444445, 0.9014444444444445, 0.9015555555555556,
          0.9006666666666666, 0.9018888888888889, 0.9042222222222223,
          0.9028888888888889, 0.9025555555555556, 0.9024444444444445,
          0.9028888888888889, 0.9053333333333333, 0.9054444444444445,
          0.9053333333333333, 0.9048888888888889, 0.9046666666666666,
          0.9072222222222223
        ]
      },
      "loss": 0.27634716413582966,
      "accuracy": 90.11
    }
  }
}
